,,,,,,,,,
04.01.2020,23:24:17,3.316666666666666,1035.4,0.39,Partly Cloudy,10,0,10,0
04.01.2020,23:24:17,3.316666666666666,1035.4,0.39,Partly Cloudy,10,0,20,0
04.01.2020,23:24:17,3.316666666666666,1035.4,0.39,Partly Cloudy,6,0,26,0
04.01.2020,23:24:17,3.316666666666666,1035.4,0.39,Partly Cloudy,10,0,36,0
04.01.2020,23:24:17,3.316666666666666,1035.4,0.39,Partly Cloudy,5,0,41,0
04.01.2020,23:24:17,3.316666666666666,1035.4,0.39,Partly Cloudy,7,0,48,0
04.01.2020,23:24:17,3.316666666666666,1035.4,0.39,Partly Cloudy,8,0,56,0
04.01.2020,23:24:17,3.316666666666666,1035.4,0.39,Partly Cloudy,3,0,59,0
04.01.2020,23:24:17,3.316666666666666,1035.4,0.39,Partly Cloudy,0,0,59,0
04.01.2020,23:24:17,3.316666666666666,1035.4,0.39,Partly Cloudy,0,0,59,0
04.01.2020,23:24:17,3.316666666666666,1035.4,0.39,Partly Cloudy,0,0,59,0
04.01.2020,23:24:17,3.316666666666666,1035.4,0.39,Partly Cloudy,0,1,59,1
04.01.2020,23:39:54,3.250000000000001,1035.4,0.4,Partly Cloudy,0,1,59,2
04.01.2020,23:55:31,3.3388888888888877,1035.3,0.41,Partly Cloudy,9,1,68,3
05.01.2020,00:11:08,3.7277777777777783,1035.3,0.44,Partly Cloudy,1,2,1,2
05.01.2020,00:26:45,4.444444444444445,1035.4,0.47,Partly Cloudy,5,1,6,3
05.01.2020,00:42:22,5.166666666666665,1035.4,0.5,Partly Cloudy,8,2,14,5
05.01.2020,00:57:59,5.56111111111111,1035.3,0.54,Partly Cloudy,11,1,25,6
05.01.2020,01:13:36,5.361111111111111,1035.3,0.58,Partly Cloudy,5,1,30,7
05.01.2020,01:29:13,4.727777777777777,1035.2,0.63,Mostly Cloudy,5,2,35,9
05.01.2020,01:44:50,4.044444444444445,1035.1,0.68,Mostly Cloudy,10,0,45,9
05.01.2020,02:00:27,3.672222222222222,1035.1,0.72,Mostly Cloudy,5,1,50,10
05.01.2020,02:16:04,3.7833333333333345,1035,0.76,Mostly Cloudy,4,0,54,10
05.01.2020,02:31:41,4.1499999999999995,1035,0.8,Mostly Cloudy,10,0,64,10
05.01.2020,02:47:18,4.561111111111112,1035,0.83,Mostly Cloudy,2,0,66,10
05.01.2020,03:02:55,4.788888888888888,1034.9,0.86,Mostly Cloudy,2,0,68,10
05.01.2020,03:18:32,4.8388888888888895,1034.9,0.87,Mostly Cloudy,3,0,71,10
05.01.2020,03:18:32,4.8388888888888895,1034.9,0.87,Mostly Cloudy,5,0,76,10
05.01.2020,03:34:09,4.8055555555555545,1034.8,0.89,Overcast,0,0,76,10
05.01.2020,03:49:46,4.749999999999998,1034.8,0.9,Overcast,0,1,76,11
05.01.2020,04:05:23,4.73888888888889,1034.9,0.9,Overcast,0,0,76,11
05.01.2020,04:21:00,4.749999999999998,1034.9,0.91,Overcast,0,2,76,13
05.01.2020,04:36:37,4.766666666666666,1035.1,0.91,Overcast,2,0,78,13
05.01.2020,04:52:14,4.783333333333333,1035.2,0.91,Overcast,0,2,78,15
05.01.2020,05:07:51,4.794444444444446,1035.2,0.91,Overcast,0,2,78,17
05.01.2020,05:23:28,4.794444444444446,1035.1,0.91,Overcast,6,2,84,19
05.01.2020,05:39:05,4.794444444444446,1035,0.91,Overcast,0,0,84,19
05.01.2020,05:54:42,4.788888888888888,1034.9,0.92,Overcast,0,0,84,19
05.01.2020,06:10:19,4.788888888888888,1034.8,0.92,Overcast,1,0,85,19
05.01.2020,06:25:56,4.783333333333333,1034.8,0.93,Overcast,1,0,86,19
05.01.2020,06:41:33,4.777777777777779,1034.8,0.94,Overcast,9,0,95,19
05.01.2020,06:57:10,4.772222222222224,1034.8,0.94,Overcast,3,1,98,20
05.01.2020,07:12:47,4.772222222222224,1034.6,0.95,Overcast,4,0,102,20
05.01.2020,07:28:24,4.766666666666666,1034.5,0.96,Overcast,0,2,102,22
05.01.2020,07:44:01,4.761111111111111,1034.3,0.96,Overcast,0,0,102,22
05.01.2020,07:59:38,4.755555555555556,1034.1,0.97,Overcast,0,0,102,22
05.01.2020,08:15:15,4.727777777777777,1034,0.98,Overcast,8,2,110,24
05.01.2020,08:30:52,4.683333333333334,1034,0.98,Overcast,2,2,112,26
05.01.2020,08:46:29,4.672222222222221,1034,0.99,Overcast,9,1,121,27
05.01.2020,09:02:06,4.727777777777777,1033.9,0.99,Overcast,4,0,125,27
05.01.2020,09:17:43,4.861111111111111,1034,0.99,Overcast,0,0,125,27
05.01.2020,09:33:20,5.055555555555556,1034.1,0.99,Overcast,3,0,128,27
05.01.2020,09:48:57,5.283333333333332,1034.1,0.99,Overcast,3,2,131,29
05.01.2020,10:04:34,5.522222222222221,1034.1,0.99,Overcast,0,2,131,31
05.01.2020,10:20:11,5.78888888888889,1034.1,0.99,Overcast,5,2,136,33
05.01.2020,10:35:48,6.077777777777777,1034,0.99,Overcast,0,0,136,33
05.01.2020,10:51:25,6.366666666666667,1033.9,0.99,Overcast,1,0,137,33
05.01.2020,11:07:02,6.6499999999999995,1033.8,0.99,Overcast,4,3,141,36
05.01.2020,11:22:39,6.927777777777777,1033.8,0.99,Overcast,6,0,147,36
05.01.2020,11:38:16,7.211111111111109,1033.7,0.99,Overcast,11,1,158,37
05.01.2020,11:53:53,7.488888888888886,1033.7,0.99,Overcast,10,0,168,37
05.01.2020,12:09:30,7.772222222222224,1033.7,0.99,Overcast,4,0,172,37
05.01.2020,12:25:07,8.077777777777776,1033.6,0.99,Overcast,10,0,182,37
05.01.2020,12:40:44,8.372222222222222,1033.5,0.99,Overcast,2,0,184,37
05.01.2020,12:56:21,8.605555555555558,1033.4,0.99,Overcast,0,0,184,37
05.01.2020,13:11:58,8.755555555555553,1033.3,0.99,Overcast,6,3,190,40
05.01.2020,13:27:35,8.844444444444445,1033.2,0.99,Overcast,6,0,196,40
05.01.2020,13:43:12,8.877777777777775,1033,0.99,Overcast,0,1,196,41
05.01.2020,13:58:49,8.855555555555554,1032.9,0.99,Overcast,9,0,205,41
05.01.2020,14:14:26,8.761111111111113,1032.7,0.99,Overcast,3,0,208,41
05.01.2020,14:30:03,8.583333333333336,1032.5,0.99,Overcast,0,3,208,44
05.01.2020,14:45:40,8.399999999999999,1032.4,0.99,Overcast,7,0,215,44
05.01.2020,15:01:17,8.277777777777779,1032.2,0.99,Overcast,0,2,215,46
05.01.2020,15:16:54,8.238888888888887,1032.2,0.99,Overcast,5,2,220,48
05.01.2020,15:32:31,8.25,1032.1,0.99,Overcast,8,1,228,49
05.01.2020,15:48:08,8.255555555555555,1032.1,0.99,Overcast,2,0,230,49
05.01.2020,16:03:45,8.22777777777778,1032.1,0.99,Overcast,7,0,237,49
05.01.2020,16:19:22,8.16111111111111,1032.1,0.99,Overcast,4,3,241,52
05.01.2020,16:34:59,8.077777777777776,1032,0.99,Overcast,3,3,244,55
05.01.2020,16:50:36,7.9833333333333325,1032,0.99,Overcast,0,0,244,55
05.01.2020,17:06:13,7.894444444444446,1032,0.99,Overcast,7,0,251,55
05.01.2020,17:21:50,7.788888888888891,1032,1,Overcast,0,0,251,55
05.01.2020,17:37:27,7.683333333333333,1032,1,Overcast,4,2,255,57
05.01.2020,17:53:04,7.583333333333333,1032,1,Overcast,6,2,261,59
05.01.2020,18:08:41,7.494444444444446,1031.9,1,Overcast,0,1,261,60
05.01.2020,18:24:18,7.411111111111113,1031.8,1,Overcast,6,2,267,62
05.01.2020,18:39:55,7.333333333333335,1031.6,1,Overcast,2,2,269,64
05.01.2020,18:55:32,7.255555555555556,1031.5,1,Overcast,3,0,272,64
05.01.2020,19:11:09,7.183333333333334,1031.4,1,Overcast,6,0,278,64
05.01.2020,19:26:46,7.116666666666668,1031.3,1,Overcast,1,0,279,64
05.01.2020,19:42:23,7.055555555555557,1031.2,1,Overcast,5,2,284,66
05.01.2020,19:58:00,6.994444444444446,1031.1,1,Overcast,4,0,288,66
05.01.2020,20:13:37,6.933333333333332,1031,1,Overcast,6,3,294,69
05.01.2020,20:29:14,6.877777777777779,1030.8,1,Overcast,5,0,299,69
05.01.2020,20:44:51,6.822222222222223,1030.6,1,Overcast,3,2,302,71
05.01.2020,21:00:28,6.761111111111112,1030.5,1,Overcast,2,0,304,71
05.01.2020,21:16:05,6.694444444444443,1030.3,1,Overcast,5,3,309,74
05.01.2020,21:31:42,6.6166666666666645,1030.2,1,Overcast,2,2,311,76
05.01.2020,21:47:19,6.5388888888888905,1030.1,1,Overcast,5,3,316,79
05.01.2020,22:02:56,6.466666666666667,1030,1,Overcast,5,2,321,81
05.01.2020,22:18:33,6.405555555555556,1030,1,Overcast,3,1,324,82
05.01.2020,22:34:10,6.35,1029.9,1,Overcast,5,0,329,82
05.01.2020,22:49:47,6.283333333333335,1029.8,1,Overcast,0,0,329,82
05.01.2020,23:05:24,6.1833333333333345,1029.7,1,Overcast,0,0,329,82
05.01.2020,23:21:01,5.994444444444444,1029.6,1,Overcast,3,1,332,83
05.01.2020,23:36:38,5.794444444444444,1029.4,1,Overcast,1,0,333,83
05.01.2020,23:52:15,5.7055555555555575,1029.3,0.99,Overcast,2,0,335,83
06.01.2020,00:07:52,5.838888888888888,1029.1,0.97,Overcast,1,0,1,0
06.01.2020,00:23:29,6.227777777777778,1029,0.95,Overcast,1,0,2,0
06.01.2020,00:39:06,6.705555555555556,1028.8,0.93,Overcast,9,0,11,0
06.01.2020,00:54:43,7.077777777777779,1028.6,0.9,Overcast,10,0,21,0
06.01.2020,01:10:20,7.188888888888887,1028.4,0.87,Mostly Cloudy,5,0,26,0
06.01.2020,01:25:57,7.122222222222222,1028.1,0.84,Mostly Cloudy,7,0,33,0
06.01.2020,01:41:34,6.966666666666666,1027.9,0.8,Mostly Cloudy,0,3,33,3
06.01.2020,01:57:11,6.8277777777777775,1027.6,0.77,Mostly Cloudy,8,1,41,4
06.01.2020,02:12:48,6.7444444444444445,1027.4,0.74,Mostly Cloudy,3,0,44,4
06.01.2020,02:28:25,6.666666666666667,1027.1,0.71,Mostly Cloudy,3,0,47,4
06.01.2020,02:44:02,6.588888888888889,1026.9,0.69,Mostly Cloudy,6,0,53,4
06.01.2020,02:59:39,6.505555555555556,1026.6,0.66,Mostly Cloudy,1,2,54,6
06.01.2020,03:15:16,6.416666666666665,1026.4,0.65,Mostly Cloudy,5,3,59,9
06.01.2020,03:30:53,6.322222222222224,1026.2,0.63,Mostly Cloudy,6,2,65,11
06.01.2020,03:46:30,6.2333333333333325,1026,0.62,Mostly Cloudy,8,2,73,13
06.01.2020,04:02:07,6.15,1025.8,0.61,Mostly Cloudy,0,0,73,13
06.01.2020,04:17:44,6.077777777777777,1025.6,0.59,Partly Cloudy,0,3,73,16
06.01.2020,04:33:21,6.016666666666666,1025.4,0.59,Partly Cloudy,9,1,82,17
06.01.2020,04:48:58,5.9611111111111095,1025.3,0.58,Partly Cloudy,3,3,85,20
06.01.2020,05:04:35,5.905555555555557,1025.1,0.57,Partly Cloudy,0,0,85,20
06.01.2020,05:20:12,5.855555555555555,1024.9,0.57,Partly Cloudy,5,1,90,21
06.01.2020,05:35:49,5.811111111111112,1024.8,0.57,Partly Cloudy,0,0,90,21
06.01.2020,05:51:26,5.761111111111109,1024.7,0.57,Partly Cloudy,0,0,90,21
06.01.2020,06:07:03,5.716666666666666,1024.5,0.59,Partly Cloudy,3,3,93,24
06.01.2020,06:22:40,5.66111111111111,1024.3,0.62,Mostly Cloudy,0,0,93,24
06.01.2020,06:38:17,5.611111111111112,1024.1,0.65,Mostly Cloudy,6,0,99,24
06.01.2020,06:53:54,5.56111111111111,1023.9,0.69,Mostly Cloudy,0,1,99,25
06.01.2020,07:09:31,5.505555555555554,1023.8,0.74,Mostly Cloudy,4,2,103,27
06.01.2020,07:25:08,5.42777777777778,1023.6,0.79,Mostly Cloudy,4,1,107,28
06.01.2020,07:40:45,5.3666666666666645,1023.3,0.84,Mostly Cloudy,0,2,107,30
06.01.2020,07:56:22,5.350000000000001,1023.1,0.89,Overcast,3,2,110,32
06.01.2020,08:11:59,5.411111111111112,1022.9,0.92,Overcast,2,2,112,34
06.01.2020,08:27:36,5.538888888888888,1022.7,0.95,Overcast,6,0,118,34
06.01.2020,08:43:13,5.694444444444445,1022.5,0.98,Overcast,1,0,119,34
06.01.2020,08:58:50,5.827777777777779,1022.3,0.99,Overcast,5,2,124,36
06.01.2020,09:14:27,5.911111111111111,1022.1,0.98,Overcast,6,2,130,38
06.01.2020,09:30:04,5.983333333333335,1021.9,0.96,Overcast,3,0,133,38
06.01.2020,09:45:41,6.0555555555555545,1021.7,0.93,Overcast,4,0,137,38
06.01.2020,10:01:18,6.155555555555555,1021.6,0.9,Overcast,3,0,140,38
06.01.2020,10:16:55,6.294444444444443,1021.4,0.86,Mostly Cloudy,5,0,145,38
06.01.2020,10:32:32,6.461111111111112,1021.2,0.81,Mostly Cloudy,6,0,151,38
06.01.2020,10:48:09,6.627777777777777,1021,0.76,Mostly Cloudy,4,0,155,38
06.01.2020,11:03:46,6.788888888888888,1020.8,0.72,Mostly Cloudy,5,1,160,39
06.01.2020,11:19:23,6.961111111111112,1020.6,0.68,Mostly Cloudy,3,0,163,39
06.01.2020,11:35:00,7.127777777777776,1020.4,0.64,Mostly Cloudy,6,0,169,39
06.01.2020,11:50:37,7.272222222222224,1020.2,0.61,Mostly Cloudy,1,0,170,39
06.01.2020,12:06:14,7.3722222222222245,1020,0.59,Partly Cloudy,4,0,174,39
06.01.2020,12:21:51,7.416666666666667,1019.8,0.58,Partly Cloudy,3,0,177,39
06.01.2020,12:37:28,7.433333333333334,1019.6,0.59,Partly Cloudy,4,0,181,39
06.01.2020,12:53:05,7.472222222222224,1019.3,0.6,Mostly Cloudy,2,2,183,41
06.01.2020,13:08:42,7.566666666666666,1019.1,0.64,Mostly Cloudy,3,0,186,41
06.01.2020,13:24:19,7.699999999999999,1018.8,0.7,Mostly Cloudy,4,2,190,43
06.01.2020,13:39:56,7.855555555555556,1018.6,0.78,Mostly Cloudy,0,0,190,43
06.01.2020,13:55:33,8.011111111111113,1018.3,0.84,Mostly Cloudy,4,0,194,43
06.01.2020,14:11:10,8.166666666666668,1018.1,0.87,Mostly Cloudy,5,0,199,43
06.01.2020,14:26:47,8.333333333333334,1018,0.88,Overcast,11,0,210,43
06.01.2020,14:42:24,8.494444444444444,1017.8,0.88,Overcast,0,1,210,44
06.01.2020,14:58:01,8.622222222222225,1017.7,0.88,Overcast,0,0,210,44
06.01.2020,15:13:38,8.68888888888889,1017.6,0.89,Overcast,10,0,220,44
06.01.2020,15:29:15,8.705555555555556,1017.5,0.9,Overcast,8,0,228,44
06.01.2020,15:44:52,8.722222222222223,1017.5,0.91,Overcast,5,1,233,45
06.01.2020,16:00:29,8.783333333333335,1017.5,0.92,Possible Drizzle,11,0,244,45
06.01.2020,16:16:06,8.922222222222224,1017.4,0.93,Possible Drizzle,0,2,244,47
06.01.2020,16:31:43,9.11111111111111,1017.5,0.94,Possible Light Rain,4,0,248,47
06.01.2020,16:47:20,9.283333333333335,1017.5,0.95,Possible Light Rain,0,0,248,47
06.01.2020,17:02:57,9.38888888888889,1017.6,0.95,Possible Light Rain,1,1,249,48
06.01.2020,17:18:34,9.41111111111111,1017.8,0.96,Possible Light Rain,8,0,257,48
06.01.2020,17:34:11,9.394444444444442,1018,0.96,Possible Light Rain,10,0,267,48
06.01.2020,17:49:48,9.35,1018.2,0.95,Possible Light Rain,3,0,270,48
06.01.2020,18:05:25,9.31666666666667,1018.4,0.93,Possible Light Rain,7,0,277,48
06.01.2020,18:21:02,9.261111111111113,1018.5,0.89,Possible Drizzle,6,0,283,48
06.01.2020,18:36:39,9.200000000000001,1018.6,0.85,Mostly Cloudy,4,1,287,49
06.01.2020,18:52:16,9.144444444444446,1018.7,0.81,Mostly Cloudy,10,0,297,49
06.01.2020,19:07:53,9.116666666666665,1018.8,0.76,Mostly Cloudy,5,1,302,50
06.01.2020,19:23:30,9.122222222222224,1019,0.71,Mostly Cloudy,2,0,304,50
06.01.2020,19:39:07,9.133333333333333,1019.1,0.66,Mostly Cloudy,5,0,309,50
06.01.2020,19:54:44,9.100000000000001,1019.3,0.6,Mostly Cloudy,4,0,313,50
06.01.2020,20:10:21,8.983333333333334,1019.6,0.52,Partly Cloudy,2,0,315,50
06.01.2020,20:25:58,8.794444444444444,1019.8,0.42,Partly Cloudy,0,0,315,50
06.01.2020,20:41:35,8.577777777777776,1020.1,0.32,Partly Cloudy,2,0,317,50
06.01.2020,20:57:12,8.38888888888889,1020.3,0.25,Clear,1,0,318,50
06.01.2020,21:12:49,8.261111111111111,1020.5,0.25,Clear,6,0,324,50
06.01.2020,21:28:26,8.166666666666668,1020.7,0.3,Clear,2,3,326,53
06.01.2020,21:44:03,8.077777777777776,1020.8,0.36,Partly Cloudy,3,0,329,53
06.01.2020,21:59:40,7.972222222222222,1021,0.4,Partly Cloudy,0,0,329,53
06.01.2020,22:15:17,7.838888888888889,1021.3,0.41,Partly Cloudy,3,0,332,53
06.01.2020,22:30:54,7.699999999999999,1021.5,0.41,Partly Cloudy,0,0,332,53
06.01.2020,22:46:31,7.550000000000002,1021.8,0.4,Partly Cloudy,0,3,332,56
06.01.2020,23:02:08,7.3999999999999995,1022,0.38,Partly Cloudy,2,0,334,56
06.01.2020,23:17:45,7.23888888888889,1022.2,0.35,Partly Cloudy,4,0,338,56
06.01.2020,23:33:22,7.066666666666666,1022.4,0.31,Clear,2,0,340,56
06.01.2020,23:48:59,6.91111111111111,1022.6,0.27,Clear,2,0,342,56
07.01.2020,00:04:36,6.788888888888888,1022.8,0.26,Clear,9,0,9,0
07.01.2020,00:20:13,6.71111111111111,1023,0.28,Clear,0,2,9,2
07.01.2020,00:35:50,6.6499999999999995,1023.3,0.31,Clear,1,0,10,2
07.01.2020,00:51:27,6.588888888888889,1023.5,0.34,Partly Cloudy,0,0,10,2
07.01.2020,01:07:04,6.500000000000002,1023.6,0.36,Partly Cloudy,0,0,10,2
07.01.2020,01:22:41,6.394444444444443,1023.7,0.38,Partly Cloudy,0,0,10,2
07.01.2020,01:38:18,6.277777777777776,1023.8,0.41,Partly Cloudy,0,1,10,3
07.01.2020,01:53:55,6.155555555555555,1023.9,0.43,Partly Cloudy,9,0,19,3
07.01.2020,02:09:32,6.044444444444446,1024,0.46,Partly Cloudy,4,0,23,3
07.01.2020,02:25:09,5.927777777777779,1024,0.49,Partly Cloudy,10,3,33,6
07.01.2020,02:40:46,5.816666666666666,1024,0.52,Partly Cloudy,0,0,33,6
07.01.2020,02:56:23,5.7055555555555575,1024.1,0.54,Partly Cloudy,0,3,33,9
07.01.2020,03:12:00,5.599999999999999,1024.1,0.56,Partly Cloudy,0,0,33,9
07.01.2020,03:27:37,5.499999999999999,1024.2,0.57,Partly Cloudy,5,0,38,9
07.01.2020,03:43:14,5.3999999999999995,1024.3,0.57,Partly Cloudy,6,0,44,9
07.01.2020,03:58:51,5.305555555555554,1024.3,0.58,Partly Cloudy,8,3,52,12
07.01.2020,04:14:28,5.188888888888891,1024.4,0.58,Partly Cloudy,5,5,57,17
07.01.2020,04:30:05,5.061111111111111,1024.4,0.58,Partly Cloudy,11,0,68,17
07.01.2020,04:45:42,4.955555555555557,1024.5,0.58,Partly Cloudy,8,3,76,20
07.01.2020,05:01:19,4.9,1024.5,0.59,Partly Cloudy,7,0,83,20
07.01.2020,05:16:56,4.922222222222222,1024.5,0.62,Mostly Cloudy,8,0,91,20
07.01.2020,05:32:33,4.988888888888887,1024.5,0.67,Mostly Cloudy,1,0,92,20
07.01.2020,05:48:10,5.0666666666666655,1024.4,0.7,Mostly Cloudy,5,0,97,20
07.01.2020,06:03:47,5.133333333333335,1024.4,0.73,Mostly Cloudy,5,0,102,20
07.01.2020,06:19:24,5.177777777777778,1024.3,0.74,Mostly Cloudy,6,0,108,20
07.01.2020,06:35:01,5.216666666666667,1024.3,0.75,Mostly Cloudy,5,0,113,20
07.01.2020,06:50:38,5.272222222222223,1024.3,0.74,Mostly Cloudy,0,0,113,20
07.01.2020,07:06:15,5.355555555555556,1024.2,0.73,Mostly Cloudy,4,0,117,20
07.01.2020,07:21:52,5.472222222222223,1024.2,0.69,Mostly Cloudy,0,0,117,20
07.01.2020,07:37:29,5.599999999999999,1024.1,0.64,Mostly Cloudy,3,0,120,20
07.01.2020,07:53:06,5.727777777777779,1024.1,0.62,Mostly Cloudy,6,0,126,20
07.01.2020,08:08:43,5.838888888888888,1024,0.64,Mostly Cloudy,10,0,136,20
07.01.2020,08:24:20,5.927777777777779,1024,0.71,Mostly Cloudy,8,0,144,20
07.01.2020,08:39:57,6.016666666666666,1023.9,0.8,Mostly Cloudy,9,0,153,20
07.01.2020,08:55:34,6.15,1023.9,0.86,Mostly Cloudy,9,0,162,20
07.01.2020,09:11:11,6.344444444444445,1023.8,0.89,Overcast,0,0,162,20
07.01.2020,09:26:48,6.594444444444443,1023.8,0.88,Overcast,7,0,169,20
07.01.2020,09:42:25,6.872222222222221,1023.8,0.87,Mostly Cloudy,0,0,169,20
07.01.2020,09:58:02,7.155555555555556,1023.7,0.85,Mostly Cloudy,7,0,176,20
07.01.2020,10:13:39,7.433333333333334,1023.6,0.84,Mostly Cloudy,8,1,184,21
07.01.2020,10:29:16,7.727777777777776,1023.5,0.82,Mostly Cloudy,2,0,186,21
07.01.2020,10:44:53,8.016666666666667,1023.3,0.8,Mostly Cloudy,10,0,196,21
07.01.2020,11:00:30,8.283333333333331,1023.2,0.8,Mostly Cloudy,2,0,198,21
07.01.2020,11:16:07,8.522222222222224,1023,0.82,Mostly Cloudy,5,0,203,21
07.01.2020,11:31:44,8.738888888888887,1022.9,0.85,Mostly Cloudy,7,0,210,21
07.01.2020,11:47:21,8.93888888888889,1022.7,0.88,Overcast,1,3,211,24
07.01.2020,12:02:58,9.133333333333333,1022.6,0.91,Overcast,11,1,222,25
07.01.2020,12:18:35,9.327777777777776,1022.4,0.92,Overcast,11,0,233,25
07.01.2020,12:34:12,9.511111111111111,1022.3,0.93,Overcast,6,0,239,25
07.01.2020,12:49:49,9.666666666666666,1022.1,0.94,Overcast,4,2,243,27
07.01.2020,13:05:26,9.788888888888888,1021.9,0.95,Overcast,2,2,245,29
07.01.2020,13:21:03,9.849999999999998,1021.7,0.96,Overcast,6,0,251,29
07.01.2020,13:36:40,9.888888888888888,1021.5,0.96,Overcast,10,0,261,29
07.01.2020,13:52:17,9.933333333333334,1021.3,0.97,Overcast,11,0,272,29
07.01.2020,14:07:54,10.005555555555553,1021,0.97,Overcast,5,0,277,29
07.01.2020,14:23:31,10.100000000000001,1020.7,0.98,Overcast,1,2,278,31
07.01.2020,14:39:08,10.2,1020.4,0.98,Overcast,3,0,281,31
07.01.2020,14:54:45,10.305555555555554,1020.1,0.99,Overcast,5,0,286,31
07.01.2020,15:10:22,10.416666666666666,1019.8,0.99,Overcast,2,0,288,31
07.01.2020,15:25:59,10.533333333333335,1019.6,0.99,Overcast,5,2,293,33
07.01.2020,15:41:36,10.655555555555557,1019.4,1,Overcast,1,1,294,34
07.01.2020,15:57:13,10.783333333333331,1019.3,1,Overcast,3,0,297,34
07.01.2020,16:12:50,10.911111111111111,1019.2,1,Overcast,5,0,302,34
07.01.2020,16:28:27,11.044444444444444,1019.3,1,Overcast,3,0,305,34
07.01.2020,16:44:04,11.177777777777777,1019.4,1,Overcast,5,0,310,34
07.01.2020,16:59:41,11.31111111111111,1019.5,1,Overcast,1,0,311,34
07.01.2020,17:15:18,11.43888888888889,1019.5,1,Overcast,2,1,313,35
07.01.2020,17:30:55,11.566666666666666,1019.4,1,Overcast,3,0,316,35
07.01.2020,17:46:32,11.688888888888888,1019.4,1,Overcast,6,1,322,36
07.01.2020,18:02:09,11.788888888888888,1019.4,1,Overcast,2,0,324,36
07.01.2020,18:17:46,11.866666666666667,1019.3,1,Overcast,6,1,330,37
07.01.2020,18:33:23,11.927777777777777,1019.2,1,Overcast,2,0,332,37
07.01.2020,18:49:00,11.988888888888887,1019.1,1,Overcast,2,0,334,37
07.01.2020,19:04:37,12.066666666666666,1019,1,Overcast,1,0,335,37
07.01.2020,19:20:14,12.166666666666666,1018.9,1,Overcast,3,1,338,38
07.01.2020,19:35:51,12.266666666666666,1018.8,1,Overcast,4,0,342,38
07.01.2020,19:51:28,12.366666666666665,1018.8,1,Overcast,6,0,348,38
07.01.2020,20:07:05,12.43888888888889,1018.7,1,Overcast,3,0,351,38
07.01.2020,20:22:42,12.494444444444447,1018.5,0.99,Overcast,5,0,356,38
07.01.2020,20:38:19,12.538888888888888,1018.4,0.99,Overcast,2,0,358,38
07.01.2020,20:53:56,12.577777777777778,1018.2,0.99,Overcast,5,3,363,41
07.01.2020,21:09:33,12.611111111111112,1018.2,0.99,Overcast,2,0,365,41
07.01.2020,21:25:10,12.63888888888889,1018.2,0.99,Overcast,3,2,368,43
07.01.2020,21:40:47,12.66111111111111,1018.2,1,Overcast,4,3,372,46
07.01.2020,21:56:24,12.672222222222224,1018.3,1,Overcast,6,0,378,46
07.01.2020,22:12:01,12.677777777777777,1018.3,1,Overcast,1,1,379,47
07.01.2020,22:27:38,12.672222222222224,1018.3,1,Overcast,3,0,382,47
07.01.2020,22:43:15,12.66111111111111,1018.3,1,Overcast,6,0,388,47
07.01.2020,22:58:52,12.655555555555557,1018.3,1,Overcast,6,3,394,50
07.01.2020,23:14:29,12.655555555555557,1018.3,1,Overcast,1,0,395,50
07.01.2020,23:30:06,12.66111111111111,1018.3,1,Overcast,3,3,398,53
07.01.2020,23:45:43,12.66111111111111,1018.3,1,Overcast,2,5,400,58
08.01.2020,00:01:20,12.644444444444442,1018.3,1,Overcast,2,0,2,0
08.01.2020,00:16:57,12.588888888888887,1018.4,1,Overcast,0,0,2,0
08.01.2020,00:32:34,12.52222222222222,1018.5,1,Overcast,4,0,6,0
08.01.2020,00:48:11,12.455555555555556,1018.6,1,Overcast,2,0,8,0
08.01.2020,01:03:48,12.427777777777777,1018.7,1,Overcast,0,0,6,0
08.01.2020,01:19:25,12.427777777777777,1018.8,1,Overcast,2,3,8,3
08.01.2020,01:35:02,12.455555555555556,1019,1,Overcast,0,0,6,3
08.01.2020,01:50:39,12.47777777777778,1019.1,1,Overcast,0,2,6,5
08.01.2020,02:06:16,12.488888888888887,1019.2,1,Overcast,1,0,7,5
08.01.2020,02:21:53,12.494444444444447,1019.2,0.99,Overcast,4,3,11,8
08.01.2020,02:37:30,12.488888888888887,1019.2,0.99,Overcast,1,0,8,8
08.01.2020,02:53:07,12.483333333333333,1019.2,0.99,Overcast,4,3,12,11
08.01.2020,03:08:44,12.461111111111112,1019.3,0.99,Overcast,6,0,14,11
08.01.2020,03:24:21,12.43888888888889,1019.4,1,Overcast,1,2,15,13
08.01.2020,03:39:58,12.405555555555555,1019.5,1,Overcast,5,1,19,14
08.01.2020,03:55:35,12.355555555555558,1019.5,1,Overcast,4,2,23,16
08.01.2020,04:11:12,12.294444444444444,1019.6,1,Overcast,2,1,21,17
08.01.2020,04:26:49,12.216666666666669,1019.7,1,Overcast,4,0,25,17
08.01.2020,04:42:26,12.133333333333335,1019.8,1,Overcast,1,0,22,17
08.01.2020,04:58:03,12.03888888888889,1019.9,0.99,Overcast,0,3,22,20
08.01.2020,05:13:40,11.949999999999998,1020,0.99,Overcast,0,3,22,23
08.01.2020,05:29:17,11.85,1020,0.99,Overcast,0,2,22,25
08.01.2020,05:44:54,11.744444444444445,1020.1,0.99,Overcast,0,3,22,28
08.01.2020,06:00:31,11.633333333333333,1020.3,0.98,Overcast,0,1,22,29
08.01.2020,06:16:08,11.511111111111111,1020.4,0.97,Overcast,0,0,22,29
08.01.2020,06:31:45,11.383333333333335,1020.6,0.96,Overcast,0,0,22,29
08.01.2020,06:47:22,11.25,1020.8,0.94,Overcast,0,2,22,31
08.01.2020,07:02:59,11.099999999999998,1021,0.93,Overcast,6,0,28,31
08.01.2020,07:18:36,10.938888888888888,1021.1,0.93,Overcast,2,0,24,31
08.01.2020,07:34:13,10.772222222222222,1021.3,0.92,Overcast,0,0,24,31
08.01.2020,07:49:50,10.6,1021.4,0.91,Overcast,8,0,32,31
08.01.2020,08:05:27,10.433333333333334,1021.6,0.91,Overcast,7,0,39,31
08.01.2020,08:21:04,10.255555555555556,1021.8,0.91,Overcast,2,0,34,31
08.01.2020,08:36:41,10.077777777777778,1022,0.92,Overcast,7,0,41,31
08.01.2020,08:52:18,9.927777777777777,1022.2,0.92,Overcast,7,1,41,32
08.01.2020,09:07:55,9.81111111111111,1022.3,0.92,Overcast,2,0,43,32
08.01.2020,09:23:32,9.716666666666669,1022.5,0.92,Overcast,8,0,49,32
08.01.2020,09:39:09,9.655555555555557,1022.7,0.92,Overcast,1,0,50,32
08.01.2020,09:54:46,9.616666666666667,1022.8,0.92,Overcast,9,0,58,32
08.01.2020,10:10:23,9.611111111111109,1022.9,0.92,Overcast,7,3,65,35
08.01.2020,10:26:00,9.644444444444444,1022.9,0.92,Overcast,3,3,61,38
08.01.2020,10:41:37,9.694444444444446,1022.9,0.93,Overcast,10,0,71,38
08.01.2020,10:57:14,9.749999999999998,1022.9,0.93,Overcast,6,3,67,41
08.01.2020,11:12:51,9.81111111111111,1022.9,0.94,Overcast,11,1,78,42
08.01.2020,11:28:28,9.883333333333333,1022.9,0.93,Overcast,1,0,68,42
08.01.2020,11:44:05,9.955555555555556,1023,0.93,Overcast,3,0,71,42
08.01.2020,11:59:42,10.02222222222222,1023,0.93,Overcast,3,0,71,42
08.01.2020,12:15:19,10.077777777777778,1023.1,0.94,Overcast,3,3,74,45
08.01.2020,12:30:56,10.127777777777775,1023.2,0.94,Overcast,3,0,74,45
08.01.2020,12:46:33,10.183333333333332,1023.3,0.94,Overcast,4,1,78,46
08.01.2020,13:02:10,10.250000000000002,1023.3,0.95,Overcast,0,1,74,47
08.01.2020,13:17:47,10.350000000000001,1023.3,0.95,Overcast,1,0,75,47
08.01.2020,13:33:24,10.46111111111111,1023.2,0.96,Overcast,5,3,79,50
08.01.2020,13:49:01,10.56111111111111,1023,0.97,Overcast,1,0,80,50
08.01.2020,14:04:38,10.616666666666667,1022.9,0.97,Overcast,2,0,81,50
08.01.2020,14:20:15,10.627777777777778,1022.8,0.97,Overcast,3,0,84,50
08.01.2020,14:35:52,10.616666666666667,1022.8,0.97,Overcast,1,0,82,50
08.01.2020,14:51:29,10.594444444444443,1022.7,0.98,Overcast,6,0,88,50
08.01.2020,15:07:06,10.577777777777776,1022.6,0.98,Overcast,5,3,87,53
08.01.2020,15:22:43,10.56666666666667,1022.6,0.98,Overcast,5,3,92,56
08.01.2020,15:38:20,10.544444444444443,1022.6,0.99,Overcast,0,3,87,59
08.01.2020,15:53:57,10.52222222222222,1022.6,0.99,Overcast,5,0,92,59
08.01.2020,16:09:34,10.483333333333333,1022.6,1,Overcast,2,0,89,59
08.01.2020,16:25:11,10.438888888888888,1022.6,1,Overcast,6,0,95,59
08.01.2020,16:40:48,10.388888888888891,1022.7,1,Overcast,8,0,97,59
08.01.2020,16:56:25,10.338888888888889,1022.7,1,Overcast,9,3,106,62
08.01.2020,17:12:02,10.288888888888891,1022.7,1,Overcast,8,0,105,62
08.01.2020,17:27:39,10.238888888888889,1022.6,1,Overcast,3,2,108,64
08.01.2020,17:43:16,10.18888888888889,1022.6,1,Overcast,1,0,106,64
08.01.2020,17:58:53,10.13888888888889,1022.5,1,Possible Drizzle,11,0,117,64
08.01.2020,18:14:30,10.083333333333334,1022.3,1,Possible Drizzle,1,0,107,64
08.01.2020,18:30:07,10.02222222222222,1022.1,0.99,Possible Drizzle,2,0,109,64
08.01.2020,18:45:44,9.961111111111112,1021.9,0.99,Possible Drizzle,7,0,114,64
08.01.2020,19:01:21,9.911111111111113,1021.7,0.99,Possible Drizzle,4,0,118,64
08.01.2020,19:16:58,9.86111111111111,1021.4,0.99,Possible Drizzle,9,0,123,64
08.01.2020,19:32:35,9.81111111111111,1021.1,0.99,Possible Light Rain,5,0,128,64
08.01.2020,19:48:12,9.777777777777779,1020.7,1,Possible Light Rain,5,3,128,67
08.01.2020,20:03:49,9.755555555555556,1020.4,1,Possible Light Rain,9,0,137,67
08.01.2020,20:19:26,9.744444444444444,1020.1,1,Light Rain,7,2,135,69
08.01.2020,20:35:03,9.744444444444444,1019.7,1,Light Rain,1,3,136,72
08.01.2020,20:50:40,9.761111111111111,1019.4,1,Light Rain,9,0,144,72
08.01.2020,21:06:17,9.788888888888888,1019,1,Light Rain,5,0,149,72
08.01.2020,21:21:54,9.833333333333336,1018.7,0.99,Light Rain,1,0,145,72
08.01.2020,21:37:31,9.888888888888888,1018.3,0.98,Light Rain,4,0,149,72
08.01.2020,21:53:08,9.961111111111112,1017.9,0.98,Light Rain,6,3,151,75
08.01.2020,22:08:45,10.044444444444444,1017.5,0.98,Light Rain,6,1,157,76
08.01.2020,22:24:22,10.133333333333335,1017.1,0.98,Light Rain,0,2,151,78
08.01.2020,22:39:59,10.244444444444444,1016.7,0.98,Light Rain,4,0,155,78
08.01.2020,22:55:36,10.377777777777778,1016.3,0.99,Light Rain,2,0,153,78
08.01.2020,23:11:13,10.56666666666667,1015.9,0.99,Light Rain,2,0,155,78
08.01.2020,23:26:50,10.811111111111112,1015.4,0.99,Light Rain,5,0,158,78
08.01.2020,23:42:27,11.06111111111111,1015,0.99,Light Rain,1,1,159,79
08.01.2020,23:58:04,11.27222222222222,1014.7,0.99,Light Rain,4,1,162,80
09.01.2020,00:13:41,11.41111111111111,1014.3,0.99,Light Rain,6,3,6,3
09.01.2020,00:29:18,11.505555555555556,1014,0.99,Light Rain,4,0,10,3
09.01.2020,00:44:55,11.583333333333334,1013.7,0.99,Light Rain,11,0,21,3
09.01.2020,01:00:32,11.661111111111113,1013.3,0.99,Light Rain,3,0,24,3
09.01.2020,01:16:09,11.75,1013,0.98,Light Rain,5,0,29,3
09.01.2020,01:31:46,11.833333333333332,1012.7,0.97,Light Rain,6,0,35,3
09.01.2020,01:47:23,11.916666666666668,1012.3,0.96,Light Rain,4,0,39,3
09.01.2020,02:03:00,11.988888888888887,1012,0.96,Drizzle,3,0,42,3
09.01.2020,02:18:37,12.049999999999999,1011.6,0.96,Possible Drizzle,6,1,48,4
09.01.2020,02:34:14,12.100000000000001,1011.3,0.98,Possible Drizzle,2,0,50,4
09.01.2020,02:49:51,12.155555555555557,1010.9,0.99,Possible Drizzle,4,2,54,6
09.01.2020,03:05:28,12.211111111111109,1010.6,1,Possible Drizzle,4,0,58,6
09.01.2020,03:21:05,12.277777777777779,1010.2,1,Possible Drizzle,4,0,62,6
09.01.2020,03:36:42,12.344444444444443,1009.9,1,Possible Drizzle,3,0,65,6
09.01.2020,03:52:19,12.405555555555555,1009.6,1,Possible Drizzle,1,0,66,6
09.01.2020,04:07:56,12.455555555555556,1009.3,0.99,Possible Drizzle,1,0,67,6
09.01.2020,04:23:33,12.494444444444447,1009.1,0.99,Possible Drizzle,2,0,69,6
09.01.2020,04:39:10,12.527777777777777,1008.9,0.99,Possible Drizzle,3,0,72,6
09.01.2020,04:54:47,12.544444444444444,1008.7,1,Possible Drizzle,4,0,76,6
09.01.2020,05:10:24,12.544444444444444,1008.5,1,Possible Drizzle,4,0,80,6
09.01.2020,05:26:01,12.533333333333335,1008.2,1,Possible Drizzle,7,0,87,6
09.01.2020,05:41:38,12.505555555555553,1008,1,Overcast,1,0,88,6
09.01.2020,05:57:15,12.461111111111112,1007.8,1,Overcast,8,0,96,6
09.01.2020,06:12:52,12.405555555555555,1007.7,0.98,Overcast,3,2,99,8
09.01.2020,06:28:29,12.33888888888889,1007.6,0.96,Overcast,0,2,99,10
09.01.2020,06:44:06,12.255555555555556,1007.5,0.93,Overcast,3,0,102,10
09.01.2020,06:59:43,12.149999999999999,1007.4,0.89,Overcast,2,0,104,10
09.01.2020,07:15:20,12.016666666666667,1007.3,0.84,Mostly Cloudy,11,0,115,10
09.01.2020,07:30:57,11.86111111111111,1007.3,0.79,Mostly Cloudy,0,0,115,10
09.01.2020,07:46:34,11.700000000000001,1007.2,0.74,Mostly Cloudy,5,1,120,11
09.01.2020,08:02:11,11.544444444444444,1007.2,0.7,Mostly Cloudy,5,0,125,11
09.01.2020,08:17:48,11.394444444444442,1007.1,0.67,Mostly Cloudy,5,2,130,13
09.01.2020,08:33:25,11.238888888888887,1007.1,0.64,Mostly Cloudy,5,2,135,15
09.01.2020,08:49:02,11.094444444444443,1007.1,0.62,Mostly Cloudy,1,2,136,17
09.01.2020,09:04:39,10.966666666666669,1007,0.59,Partly Cloudy,5,0,141,17
09.01.2020,09:20:16,10.844444444444447,1007,0.56,Partly Cloudy,4,0,145,17
09.01.2020,09:35:53,10.733333333333333,1007,0.52,Partly Cloudy,5,0,150,17
09.01.2020,09:51:30,10.63888888888889,1007,0.49,Partly Cloudy,0,0,150,17
09.01.2020,10:07:07,10.56666666666667,1007,0.49,Partly Cloudy,10,0,160,17
09.01.2020,10:22:44,10.511111111111113,1007.1,0.51,Partly Cloudy,12,3,172,20
09.01.2020,10:38:21,10.477777777777778,1007.1,0.55,Partly Cloudy,8,0,180,20
09.01.2020,10:53:58,10.472222222222221,1007.1,0.57,Partly Cloudy,3,3,183,23
09.01.2020,11:09:35,10.505555555555553,1007.1,0.56,Partly Cloudy,7,1,190,24
09.01.2020,11:25:12,10.577777777777776,1007.1,0.52,Partly Cloudy,9,2,199,26
09.01.2020,11:40:49,10.677777777777777,1007.1,0.47,Partly Cloudy,0,3,199,29
09.01.2020,11:56:26,10.783333333333331,1007,0.43,Partly Cloudy,3,0,202,29
09.01.2020,12:12:03,10.894444444444444,1007,0.41,Partly Cloudy,9,0,211,29
09.01.2020,12:27:40,11.022222222222224,1006.9,0.41,Partly Cloudy,6,2,217,31
09.01.2020,12:43:17,11.155555555555555,1006.7,0.41,Partly Cloudy,3,0,220,31
09.01.2020,12:58:54,11.27222222222222,1006.6,0.41,Partly Cloudy,6,0,226,31
09.01.2020,13:14:31,11.383333333333335,1006.5,0.41,Partly Cloudy,5,3,231,34
09.01.2020,13:30:08,11.488888888888889,1006.4,0.42,Partly Cloudy,5,1,236,35
09.01.2020,13:45:45,11.566666666666666,1006.3,0.42,Partly Cloudy,4,1,240,36
09.01.2020,14:01:22,11.61111111111111,1006.2,0.42,Partly Cloudy,4,3,244,39
09.01.2020,14:16:59,11.605555555555556,1006.2,0.41,Possible Light Rain,5,2,249,41
09.01.2020,14:32:36,11.561111111111112,1006.3,0.4,Possible Light Rain,6,2,255,43
09.01.2020,14:48:13,11.494444444444444,1006.3,0.39,Possible Light Rain,3,0,258,43
09.01.2020,15:03:50,11.41111111111111,1006.4,0.38,Light Rain,5,0,263,43
09.01.2020,15:19:27,11.300000000000002,1006.5,0.36,Light Rain,3,0,266,43
09.01.2020,15:35:04,11.172222222222222,1006.5,0.34,Light Rain,5,0,271,43
09.01.2020,15:50:41,11.044444444444444,1006.6,0.32,Light Rain,3,0,274,43
09.01.2020,16:06:18,10.938888888888888,1006.8,0.32,Possible Light Rain,3,0,277,43
09.01.2020,16:21:55,10.850000000000001,1006.9,0.35,Possible Light Rain,0,0,277,43
09.01.2020,16:37:32,10.766666666666667,1007.1,0.38,Possible Drizzle,0,2,277,45
09.01.2020,16:53:09,10.68333333333333,1007.4,0.41,Possible Drizzle,1,0,278,45
09.01.2020,17:08:46,10.577777777777776,1007.6,0.44,Possible Drizzle,6,0,284,45
09.01.2020,17:24:23,10.466666666666669,1007.8,0.46,Possible Drizzle,0,0,284,45
09.01.2020,17:40:00,10.338888888888889,1008,0.49,Partly Cloudy,0,0,284,45
09.01.2020,17:55:37,10.2,1008.2,0.5,Partly Cloudy,1,0,285,45
09.01.2020,18:11:14,10.044444444444444,1008.4,0.51,Partly Cloudy,4,3,289,48
09.01.2020,18:26:51,9.872222222222225,1008.6,0.5,Partly Cloudy,0,0,289,48
09.01.2020,18:42:28,9.683333333333334,1008.8,0.48,Partly Cloudy,5,0,294,48
09.01.2020,18:58:05,9.483333333333333,1009,0.47,Partly Cloudy,4,2,298,50
09.01.2020,19:13:42,9.261111111111113,1009.3,0.46,Partly Cloudy,2,1,300,51
09.01.2020,19:29:19,9.022222222222224,1009.5,0.44,Partly Cloudy,5,1,305,52
09.01.2020,19:44:56,8.783333333333335,1009.8,0.43,Partly Cloudy,3,1,308,53
09.01.2020,20:00:33,8.566666666666668,1010.1,0.43,Partly Cloudy,4,0,312,53
09.01.2020,20:16:10,8.377777777777776,1010.4,0.44,Partly Cloudy,6,0,318,53
09.01.2020,20:31:47,8.205555555555557,1010.7,0.46,Partly Cloudy,1,0,319,53
09.01.2020,20:47:24,8.044444444444443,1011,0.48,Partly Cloudy,0,3,319,56
09.01.2020,21:03:01,7.88888888888889,1011.3,0.48,Partly Cloudy,7,0,326,56
09.01.2020,21:18:38,7.73888888888889,1011.6,0.45,Partly Cloudy,7,0,333,56
09.01.2020,21:34:15,7.6000000000000005,1011.8,0.41,Partly Cloudy,3,1,336,57
09.01.2020,21:49:52,7.461111111111112,1012.1,0.37,Partly Cloudy,10,0,346,57
09.01.2020,22:05:29,7.333333333333335,1012.3,0.34,Partly Cloudy,3,1,349,58
09.01.2020,22:21:06,7.205555555555555,1012.6,0.32,Partly Cloudy,9,0,358,58
09.01.2020,22:36:43,7.083333333333333,1012.9,0.31,Clear,6,0,364,58
09.01.2020,22:52:20,6.966666666666666,1013.2,0.31,Clear,7,3,371,61
09.01.2020,23:07:57,6.849999999999999,1013.6,0.35,Partly Cloudy,6,0,377,61
09.01.2020,23:23:34,6.722222222222223,1014.1,0.44,Partly Cloudy,10,3,387,64
09.01.2020,23:39:11,6.605555555555556,1014.5,0.55,Partly Cloudy,11,0,398,64
09.01.2020,23:54:48,6.544444444444445,1014.6,0.63,Mostly Cloudy,0,3,398,67
10.01.2020,00:10:25,6.572222222222221,1014.1,0.65,Mostly Cloudy,1,0,1,0
10.01.2020,00:26:02,6.694444444444443,1012.9,0.63,Mostly Cloudy,0,0,1,0
10.01.2020,00:41:39,6.844444444444445,1011.6,0.6,Mostly Cloudy,2,2,3,2
10.01.2020,00:57:16,6.949999999999999,1010.8,0.58,Partly Cloudy,1,0,4,2
10.01.2020,01:12:53,6.966666666666666,1010.7,0.62,Mostly Cloudy,3,0,7,2
10.01.2020,01:28:30,6.933333333333332,1011.1,0.67,Mostly Cloudy,5,3,12,5
10.01.2020,01:44:07,6.872222222222221,1011.7,0.74,Mostly Cloudy,4,0,16,5
10.01.2020,01:59:44,6.805555555555555,1012.2,0.79,Mostly Cloudy,2,0,18,5
10.01.2020,02:15:21,6.733333333333332,1012.6,0.84,Mostly Cloudy,4,0,22,5
10.01.2020,02:30:58,6.644444444444445,1013,0.88,Overcast,2,1,24,6
10.01.2020,02:46:35,6.561111111111113,1013.5,0.91,Overcast,6,0,30,6
10.01.2020,03:02:12,6.488888888888889,1013.9,0.93,Overcast,0,0,30,6
10.01.2020,03:17:49,6.438888888888891,1014.3,0.94,Overcast,2,2,32,8
10.01.2020,03:33:26,6.394444444444443,1014.7,0.94,Overcast,4,0,36,8
10.01.2020,03:49:03,6.3611111111111125,1015.1,0.93,Overcast,0,0,36,8
10.01.2020,04:04:40,6.338888888888887,1015.5,0.92,Overcast,6,0,42,8
10.01.2020,04:20:17,6.327777777777778,1015.9,0.91,Overcast,1,1,43,9
10.01.2020,04:35:54,6.327777777777778,1016.2,0.89,Overcast,3,3,46,12
10.01.2020,04:51:31,6.322222222222224,1016.6,0.87,Mostly Cloudy,0,2,46,14
10.01.2020,05:07:08,6.311111111111111,1017.1,0.85,Mostly Cloudy,0,0,46,14
10.01.2020,05:22:45,6.300000000000002,1017.6,0.83,Mostly Cloudy,6,3,52,17
10.01.2020,05:38:22,6.277777777777776,1018.1,0.81,Mostly Cloudy,2,3,54,20
10.01.2020,05:53:59,6.238888888888887,1018.5,0.78,Mostly Cloudy,3,0,57,20
10.01.2020,06:09:36,6.172222222222222,1019,0.74,Mostly Cloudy,4,0,61,20
10.01.2020,06:25:13,6.072222222222222,1019.3,0.7,Mostly Cloudy,5,2,66,22
10.01.2020,06:40:50,5.95,1019.7,0.66,Mostly Cloudy,5,2,71,24
10.01.2020,06:56:27,5.827777777777779,1020.1,0.61,Mostly Cloudy,5,0,76,24
10.01.2020,07:12:04,5.7055555555555575,1020.5,0.56,Partly Cloudy,3,0,79,24
10.01.2020,07:27:41,5.5777777777777775,1020.8,0.51,Partly Cloudy,2,0,81,24
10.01.2020,07:43:18,5.438888888888888,1021.2,0.45,Partly Cloudy,5,3,86,27
10.01.2020,07:58:55,5.294444444444445,1021.6,0.4,Partly Cloudy,1,0,87,27
10.01.2020,08:14:32,5.122222222222222,1022,0.35,Partly Cloudy,0,0,87,27
10.01.2020,08:30:09,4.922222222222222,1022.3,0.31,Clear,0,0,87,27
10.01.2020,08:45:46,4.749999999999998,1022.6,0.27,Clear,3,3,90,30
10.01.2020,09:01:23,4.649999999999999,1023,0.23,Clear,10,0,100,30
10.01.2020,09:17:00,4.649999999999999,1023.3,0.21,Clear,6,0,106,30
10.01.2020,09:32:37,4.705555555555555,1023.7,0.19,Clear,2,0,108,30
10.01.2020,09:48:14,4.8055555555555545,1024,0.18,Clear,4,0,112,30
10.01.2020,10:03:51,4.922222222222222,1024.3,0.17,Clear,10,0,122,30
10.01.2020,10:19:28,5.077777777777778,1024.5,0.16,Clear,4,0,126,30
10.01.2020,10:35:05,5.255555555555556,1024.7,0.15,Clear,4,3,130,33
10.01.2020,10:50:42,5.450000000000001,1024.9,0.14,Clear,9,2,139,35
10.01.2020,11:06:19,5.633333333333334,1025.2,0.13,Clear,1,2,140,37
10.01.2020,11:21:56,5.805555555555557,1025.4,0.12,Clear,1,2,141,39
10.01.2020,11:37:33,5.977777777777777,1025.7,0.11,Clear,0,2,141,41
10.01.2020,11:53:10,6.194444444444444,1025.9,0.11,Clear,6,1,147,42
10.01.2020,12:08:47,6.483333333333334,1026.1,0.1,Clear,0,0,147,42
10.01.2020,12:24:24,6.872222222222221,1026.3,0.09,Clear,5,0,152,42
10.01.2020,12:40:01,7.272222222222224,1026.4,0.08,Clear,3,1,155,43
10.01.2020,12:55:38,7.6111111111111125,1026.5,0.07,Clear,1,0,156,43
10.01.2020,13:11:15,7.833333333333333,1026.6,0.07,Clear,3,0,159,43
10.01.2020,13:26:52,7.9833333333333325,1026.7,0.06,Clear,3,0,162,43
10.01.2020,13:42:29,8.077777777777776,1026.8,0.06,Clear,6,0,168,43
10.01.2020,13:58:06,8.122222222222222,1026.9,0.05,Clear,6,1,174,44
10.01.2020,14:13:43,8.122222222222222,1027,0.04,Clear,4,2,178,46
10.01.2020,14:29:20,8.072222222222223,1027,0.03,Clear,2,2,180,48
10.01.2020,14:44:57,7.9833333333333325,1027.1,0.02,Clear,2,0,182,48
10.01.2020,15:00:34,7.861111111111111,1027.2,0.01,Clear,6,0,188,48
10.01.2020,15:16:11,7.716666666666667,1027.3,0.01,Clear,1,3,189,51
10.01.2020,15:31:48,7.533333333333335,1027.5,0.02,Clear,4,0,193,51
10.01.2020,15:47:25,7.316666666666667,1027.6,0.03,Clear,2,0,195,51
10.01.2020,16:03:02,7.061111111111112,1027.8,0.03,Clear,6,0,201,51
10.01.2020,16:18:39,6.727777777777778,1027.9,0.03,Clear,5,0,206,51
10.01.2020,16:34:16,6.355555555555554,1028,0.03,Clear,3,0,209,51
10.01.2020,16:49:53,5.999999999999998,1028.1,0.03,Clear,3,0,212,51
10.01.2020,17:05:30,5.711111111111112,1028.2,0.04,Clear,2,3,214,54
10.01.2020,17:21:07,5.477777777777778,1028.4,0.05,Clear,1,0,215,54
10.01.2020,17:36:44,5.2888888888888905,1028.6,0.06,Clear,2,0,217,54
10.01.2020,17:52:21,5.122222222222222,1028.8,0.08,Clear,3,0,220,54
10.01.2020,18:07:58,4.977777777777778,1029,0.09,Clear,3,0,223,54
10.01.2020,18:23:35,4.861111111111111,1029.1,0.1,Clear,1,0,224,54
10.01.2020,18:39:12,4.772222222222224,1029.1,0.1,Clear,4,1,228,55
10.01.2020,18:54:49,4.705555555555555,1029.2,0.11,Clear,2,0,230,55
10.01.2020,19:10:26,4.661111111111111,1029.2,0.12,Clear,1,2,231,57
10.01.2020,19:26:03,4.655555555555557,1029.2,0.13,Clear,3,0,234,57
10.01.2020,19:41:40,4.661111111111111,1029.3,0.14,Clear,4,0,238,57
10.01.2020,19:57:17,4.655555555555557,1029.3,0.15,Clear,4,2,242,59
10.01.2020,20:12:54,4.622222222222223,1029.3,0.17,Clear,7,0,249,59
10.01.2020,20:28:31,4.57222222222222,1029.3,0.18,Clear,3,0,252,59
10.01.2020,20:44:08,4.527777777777777,1029.2,0.2,Clear,1,0,253,59
10.01.2020,20:59:45,4.516666666666668,1029.2,0.22,Clear,3,0,256,59
10.01.2020,21:15:22,4.561111111111112,1029.2,0.25,Clear,1,3,257,62
10.01.2020,21:30:59,4.6333333333333355,1029.3,0.28,Clear,0,0,257,62
10.01.2020,21:46:36,4.727777777777777,1029.3,0.31,Clear,5,2,262,64
10.01.2020,22:02:13,4.822222222222222,1029.3,0.35,Partly Cloudy,4,0,266,64
10.01.2020,22:17:50,4.922222222222222,1029.2,0.38,Partly Cloudy,4,1,270,65
10.01.2020,22:33:27,5.027777777777776,1029.2,0.42,Partly Cloudy,0,0,270,65
10.01.2020,22:49:04,5.150000000000002,1029.1,0.45,Partly Cloudy,5,1,275,66
10.01.2020,23:04:41,5.2888888888888905,1029,0.49,Partly Cloudy,6,0,281,66
10.01.2020,23:20:18,5.444444444444443,1029,0.53,Partly Cloudy,4,0,285,66
10.01.2020,23:35:55,5.616666666666666,1028.9,0.56,Partly Cloudy,4,0,289,66
10.01.2020,23:51:32,5.799999999999999,1028.9,0.6,Mostly Cloudy,6,2,6,68
11.01.2020,00:07:09,5.999999999999998,1028.8,0.63,Mostly Cloudy,3,0,9,0
11.01.2020,00:22:46,6.2333333333333325,1028.8,0.67,Mostly Cloudy,5,1,14,1
11.01.2020,00:38:23,6.477777777777776,1028.8,0.7,Mostly Cloudy,0,1,14,2
11.01.2020,00:54:00,6.688888888888888,1028.8,0.74,Mostly Cloudy,6,0,20,2
11.01.2020,01:09:37,6.833333333333332,1028.7,0.78,Mostly Cloudy,5,0,25,2
11.01.2020,01:25:14,6.927777777777777,1028.5,0.81,Mostly Cloudy,6,0,31,2
11.01.2020,01:40:51,6.994444444444446,1028.3,0.85,Mostly Cloudy,4,0,35,2
11.01.2020,01:56:28,7.061111111111112,1028.1,0.89,Overcast,4,0,39,2
11.01.2020,02:12:05,7.144444444444444,1027.9,0.92,Overcast,1,0,40,2
11.01.2020,02:27:42,7.227777777777776,1027.7,0.95,Overcast,5,0,45,2
11.01.2020,02:43:19,7.305555555555555,1027.5,0.97,Overcast,0,0,45,2
11.01.2020,02:58:56,7.383333333333332,1027.4,0.99,Overcast,4,3,49,5
11.01.2020,03:14:33,7.449999999999998,1027.3,1,Overcast,4,0,53,5
11.01.2020,03:30:10,7.511111111111114,1027.2,1,Overcast,5,0,58,5
11.01.2020,03:45:47,7.566666666666666,1027.1,1,Overcast,5,2,63,7
11.01.2020,04:01:24,7.616666666666668,1027,1,Overcast,5,0,68,7
11.01.2020,04:17:01,7.66111111111111,1026.9,1,Overcast,5,1,73,8
11.01.2020,04:32:38,7.699999999999999,1026.7,1,Overcast,3,0,76,8
11.01.2020,04:48:15,7.733333333333334,1026.6,1,Overcast,3,2,79,10
11.01.2020,05:03:52,7.777777777777778,1026.4,1,Overcast,6,0,85,10
11.01.2020,05:19:29,7.833333333333333,1026.3,1,Overcast,2,0,87,10
11.01.2020,05:35:06,7.894444444444446,1026.3,1,Overcast,3,0,90,10
11.01.2020,05:50:43,7.950000000000001,1026.2,1,Overcast,1,0,91,10
11.01.2020,06:06:20,7.98888888888889,1026.2,1,Overcast,6,0,97,10
11.01.2020,06:21:57,8.011111111111113,1026.2,1,Overcast,9,0,106,10
11.01.2020,06:37:34,8.027777777777779,1026.2,1,Overcast,7,3,113,13
11.01.2020,06:53:11,8.044444444444443,1026.1,1,Overcast,10,3,123,16
11.01.2020,07:08:48,8.06666666666667,1026,1,Overcast,9,1,132,17
11.01.2020,07:24:25,8.094444444444443,1025.9,1,Overcast,7,3,139,20
11.01.2020,07:40:02,8.127777777777778,1025.8,1,Overcast,8,0,147,20
11.01.2020,07:55:39,8.15,1025.6,1,Overcast,9,0,156,20
11.01.2020,08:11:16,8.166666666666668,1025.5,1,Overcast,7,1,163,21
11.01.2020,08:26:53,8.166666666666668,1025.3,1,Overcast,0,0,163,21
11.01.2020,08:42:30,8.172222222222224,1025.2,1,Overcast,0,0,163,21
11.01.2020,08:58:07,8.205555555555557,1025.1,1,Overcast,9,0,172,21
11.01.2020,09:13:44,8.283333333333331,1025,1,Overcast,6,3,178,24
11.01.2020,09:29:21,8.383333333333335,1025,1,Overcast,6,0,184,24
11.01.2020,09:44:58,8.505555555555556,1024.9,1,Overcast,4,3,188,27
11.01.2020,10:00:35,8.644444444444446,1024.9,1,Overcast,10,0,198,27
11.01.2020,10:16:12,8.805555555555555,1024.8,1,Overcast,4,1,202,28
11.01.2020,10:31:49,8.983333333333334,1024.8,0.99,Overcast,8,1,210,29
11.01.2020,10:47:26,9.17777777777778,1024.8,0.99,Overcast,5,1,215,30
11.01.2020,11:03:03,9.38888888888889,1024.8,0.99,Overcast,5,3,220,33
11.01.2020,11:18:40,9.627777777777776,1024.7,0.99,Overcast,6,1,226,34
11.01.2020,11:34:17,9.883333333333333,1024.6,0.99,Overcast,2,0,228,34
11.01.2020,11:49:54,10.144444444444442,1024.5,0.99,Overcast,6,1,234,35
11.01.2020,12:05:31,10.411111111111113,1024.4,0.99,Overcast,3,2,237,37
11.01.2020,12:21:08,10.699999999999998,1024.3,0.99,Overcast,5,0,242,37
11.01.2020,12:36:45,10.994444444444444,1024.3,0.99,Overcast,5,3,247,40
11.01.2020,12:52:22,11.25,1024.1,0.99,Overcast,0,0,247,40
11.01.2020,13:07:59,11.43888888888889,1023.9,0.99,Overcast,3,0,250,40
11.01.2020,13:23:36,11.588888888888889,1023.6,0.99,Overcast,6,1,256,41
11.01.2020,13:39:13,11.688888888888888,1023.3,0.99,Overcast,3,0,259,41
11.01.2020,13:54:50,11.705555555555556,1022.9,0.99,Overcast,6,0,265,41
11.01.2020,14:10:27,11.605555555555556,1022.7,0.99,Overcast,1,0,266,41
11.01.2020,14:26:04,11.361111111111112,1022.5,0.99,Overcast,0,3,266,44
11.01.2020,14:41:41,11.077777777777776,1022.3,1,Overcast,5,0,271,44
11.01.2020,14:57:18,10.866666666666667,1022.2,1,Overcast,4,0,275,44
11.01.2020,15:12:55,10.799999999999999,1022,1,Overcast,2,0,277,44
11.01.2020,15:28:32,10.816666666666666,1021.9,1,Overcast,6,0,283,44
11.01.2020,15:44:09,10.866666666666667,1021.8,0.99,Overcast,6,0,289,44
11.01.2020,15:59:46,10.88888888888889,1021.7,0.99,Overcast,3,3,292,47
11.01.2020,16:15:23,10.877777777777776,1021.6,0.99,Overcast,2,0,294,47
11.01.2020,16:31:00,10.850000000000001,1021.5,1,Overcast,0,0,294,47
11.01.2020,16:46:37,10.816666666666666,1021.4,1,Overcast,0,0,294,47
11.01.2020,17:02:14,10.78888888888889,1021.4,1,Overcast,6,0,300,47
11.01.2020,17:17:51,10.761111111111111,1021.3,1,Overcast,6,0,306,47
11.01.2020,17:33:28,10.733333333333333,1021.2,1,Overcast,2,0,308,47
11.01.2020,17:49:05,10.699999999999998,1021.1,1,Overcast,0,0,308,47
11.01.2020,18:04:42,10.66111111111111,1021.1,1,Overcast,5,0,313,47
11.01.2020,18:20:19,10.61111111111111,1021,1,Overcast,4,2,317,49
11.01.2020,18:35:56,10.56111111111111,1021,1,Overcast,5,0,322,49
11.01.2020,18:51:33,10.516666666666667,1020.9,1,Overcast,4,0,326,49
11.01.2020,19:07:10,10.472222222222221,1020.8,1,Overcast,1,0,327,49
11.01.2020,19:22:47,10.42777777777778,1020.7,1,Overcast,4,0,331,49
11.01.2020,19:38:24,10.394444444444446,1020.5,1,Overcast,0,3,331,52
11.01.2020,19:54:01,10.36111111111111,1020.4,1,Overcast,2,0,333,52
11.01.2020,20:09:38,10.344444444444443,1020.2,1,Overcast,9,0,342,52
11.01.2020,20:25:15,10.338888888888889,1020.1,1,Overcast,11,0,353,52
11.01.2020,20:40:52,10.338888888888889,1019.9,1,Overcast,0,1,353,53
11.01.2020,20:56:29,10.344444444444443,1019.8,1,Overcast,1,0,354,53
11.01.2020,21:12:06,10.355555555555556,1019.7,1,Overcast,2,0,356,53
11.01.2020,21:27:43,10.366666666666665,1019.6,1,Overcast,3,0,359,53
11.01.2020,21:43:20,10.383333333333333,1019.4,1,Possible Drizzle,1,2,360,55
11.01.2020,21:58:57,10.399999999999999,1019.3,1,Possible Drizzle,1,0,361,55
11.01.2020,22:14:34,10.411111111111113,1019.2,1,Possible Drizzle,5,2,366,57
11.01.2020,22:30:11,10.42222222222222,1019.1,1,Possible Drizzle,0,0,366,57
11.01.2020,22:45:48,10.42777777777778,1019.1,1,Possible Drizzle,5,0,371,57
11.01.2020,23:01:25,10.438888888888888,1018.9,1,Possible Drizzle,0,3,371,60
11.01.2020,23:17:02,10.438888888888888,1018.8,1,Possible Drizzle,3,1,374,61
11.01.2020,23:32:39,10.444444444444443,1018.6,1,Possible Drizzle,4,3,378,64
11.01.2020,23:48:16,10.450000000000001,1018.5,1,Possible Drizzle,5,0,383,64
12.01.2020,00:03:53,10.466666666666669,1018.4,1,Possible Drizzle,3,0,3,0
12.01.2020,00:19:30,10.5,1018.5,1,Possible Drizzle,6,0,9,0
12.01.2020,00:35:07,10.544444444444443,1018.7,1,Possible Drizzle,3,3,12,3
12.01.2020,00:50:44,10.583333333333332,1018.8,1,Possible Drizzle,4,0,16,3
12.01.2020,01:06:21,10.6,1018.8,1,Possible Drizzle,1,1,17,4
12.01.2020,01:21:58,10.58888888888889,1018.5,1,Possible Drizzle,0,0,17,4
12.01.2020,01:37:35,10.56666666666667,1018.2,1,Possible Drizzle,3,0,20,4
12.01.2020,01:53:12,10.550000000000002,1017.9,1,Possible Drizzle,1,1,21,5
12.01.2020,02:08:49,10.538888888888888,1017.6,1,Possible Drizzle,1,0,22,5
12.01.2020,02:24:26,10.527777777777779,1017.4,1,Possible Drizzle,1,0,23,5
12.01.2020,02:40:03,10.527777777777779,1017.1,1,Possible Drizzle,1,0,24,5
12.01.2020,02:55:40,10.538888888888888,1016.9,1,Possible Drizzle,6,0,30,5
12.01.2020,03:11:17,10.583333333333332,1016.7,1,Possible Drizzle,2,0,32,5
12.01.2020,03:26:54,10.65,1016.5,1,Possible Drizzle,1,3,33,8
12.01.2020,03:42:31,10.72777777777778,1016.3,1,Possible Drizzle,0,0,33,8
12.01.2020,03:58:08,10.811111111111112,1016.2,1,Possible Drizzle,3,0,36,8
12.01.2020,04:13:45,10.905555555555557,1016,1,Possible Drizzle,4,3,40,11
12.01.2020,04:29:22,11.022222222222224,1015.8,1,Possible Drizzle,6,0,46,11
12.01.2020,04:44:59,11.122222222222225,1015.7,1,Possible Drizzle,5,3,51,14
12.01.2020,05:00:36,11.166666666666666,1015.6,1,Possible Drizzle,3,0,54,14
12.01.2020,05:16:13,11.122222222222225,1015.5,1,Possible Drizzle,6,0,60,14
12.01.2020,05:31:50,11.022222222222224,1015.5,1,Possible Drizzle,1,1,61,15
12.01.2020,05:47:27,10.911111111111111,1015.5,1,Possible Drizzle,5,0,66,15
12.01.2020,06:03:04,10.838888888888887,1015.4,0.99,Possible Drizzle,9,0,75,15
12.01.2020,06:18:41,10.794444444444444,1015.4,0.98,Possible Drizzle,10,0,85,15
12.01.2020,06:34:18,10.766666666666667,1015.4,0.95,Overcast,1,0,86,15
12.01.2020,06:49:55,10.755555555555555,1015.4,0.93,Overcast,0,0,86,15
12.01.2020,07:05:32,10.766666666666667,1015.4,0.9,Overcast,1,0,87,15
12.01.2020,07:21:09,10.82777777777778,1015.5,0.86,Mostly Cloudy,4,1,91,16
12.01.2020,07:36:46,10.899999999999999,1015.5,0.82,Mostly Cloudy,3,0,94,16
12.01.2020,07:52:23,10.933333333333334,1015.6,0.79,Mostly Cloudy,9,0,103,16
12.01.2020,08:08:00,10.861111111111109,1015.7,0.76,Mostly Cloudy,1,0,104,16
12.01.2020,08:23:37,10.68333333333333,1015.8,0.73,Mostly Cloudy,2,0,106,16
12.01.2020,08:39:14,10.466666666666669,1015.9,0.7,Mostly Cloudy,1,0,107,16
12.01.2020,08:54:51,10.283333333333331,1016,0.68,Mostly Cloudy,2,0,109,16
12.01.2020,09:10:28,10.18888888888889,1016.1,0.66,Mostly Cloudy,6,0,115,16
12.01.2020,09:26:05,10.16111111111111,1016.3,0.64,Mostly Cloudy,2,0,117,16
12.01.2020,09:41:42,10.155555555555557,1016.4,0.62,Mostly Cloudy,5,0,122,16
12.01.2020,09:57:19,10.13888888888889,1016.5,0.61,Mostly Cloudy,4,0,126,16
12.01.2020,10:12:56,10.094444444444445,1016.7,0.6,Mostly Cloudy,2,3,128,19
12.01.2020,10:28:33,10.033333333333335,1016.8,0.6,Mostly Cloudy,0,3,128,22
12.01.2020,10:44:10,9.97777777777778,1017,0.59,Partly Cloudy,5,0,133,22
12.01.2020,10:59:47,9.949999999999998,1017.1,0.59,Partly Cloudy,4,0,137,22
12.01.2020,11:15:24,9.93888888888889,1017.3,0.57,Partly Cloudy,4,0,141,22
12.01.2020,11:31:01,9.949999999999998,1017.5,0.56,Partly Cloudy,4,0,145,22
12.01.2020,11:46:38,9.97777777777778,1017.7,0.55,Partly Cloudy,1,2,146,24
12.01.2020,12:02:15,10.027777777777777,1017.9,0.55,Partly Cloudy,5,0,151,24
12.01.2020,12:17:52,10.133333333333335,1018.1,0.56,Partly Cloudy,0,0,151,24
12.01.2020,12:33:29,10.266666666666664,1018.3,0.58,Partly Cloudy,1,3,152,27
12.01.2020,12:49:06,10.377777777777778,1018.5,0.61,Mostly Cloudy,6,0,158,27
12.01.2020,13:04:43,10.416666666666666,1018.6,0.63,Mostly Cloudy,3,2,161,29
12.01.2020,13:20:20,10.377777777777778,1018.7,0.66,Mostly Cloudy,5,2,166,31
12.01.2020,13:35:57,10.305555555555554,1018.8,0.69,Mostly Cloudy,5,0,171,31
12.01.2020,13:51:34,10.211111111111112,1018.8,0.72,Mostly Cloudy,1,0,172,31
12.01.2020,14:07:11,10.116666666666667,1018.9,0.75,Mostly Cloudy,4,0,176,31
12.01.2020,14:22:48,10.011111111111113,1019,0.77,Mostly Cloudy,3,0,179,31
12.01.2020,14:38:25,9.894444444444446,1019.1,0.78,Mostly Cloudy,6,1,185,32
12.01.2020,14:54:02,9.777777777777779,1019.2,0.79,Mostly Cloudy,3,0,188,32
12.01.2020,15:09:39,9.677777777777779,1019.3,0.79,Mostly Cloudy,6,0,194,32
12.01.2020,15:25:16,9.57777777777778,1019.4,0.78,Mostly Cloudy,0,0,194,32
12.01.2020,15:40:53,9.483333333333333,1019.6,0.77,Mostly Cloudy,6,2,200,34
12.01.2020,15:56:30,9.394444444444442,1019.8,0.75,Mostly Cloudy,1,0,201,34
12.01.2020,16:12:07,9.31666666666667,1019.9,0.73,Mostly Cloudy,2,0,203,34
12.01.2020,16:27:44,9.255555555555553,1020.1,0.7,Mostly Cloudy,6,2,209,36
12.01.2020,16:43:21,9.200000000000001,1020.3,0.67,Mostly Cloudy,3,0,212,36
12.01.2020,16:58:58,9.133333333333333,1020.4,0.64,Mostly Cloudy,0,2,212,38
12.01.2020,17:14:35,9.055555555555554,1020.6,0.61,Mostly Cloudy,0,0,212,38
12.01.2020,17:30:12,8.977777777777776,1020.7,0.57,Partly Cloudy,2,0,214,38
12.01.2020,17:45:49,8.88888888888889,1020.8,0.54,Partly Cloudy,0,1,214,39
12.01.2020,18:01:26,8.794444444444444,1020.9,0.5,Partly Cloudy,0,0,214,39
12.01.2020,18:17:03,8.694444444444445,1020.9,0.45,Partly Cloudy,0,3,214,42
12.01.2020,18:32:40,8.583333333333336,1020.9,0.41,Partly Cloudy,4,3,218,45
12.01.2020,18:48:17,8.472222222222221,1020.9,0.36,Partly Cloudy,9,2,227,47
12.01.2020,19:03:54,8.350000000000001,1020.8,0.31,Clear,1,1,228,48
12.01.2020,19:19:31,8.216666666666665,1020.8,0.25,Clear,5,0,233,48
12.01.2020,19:35:08,8.083333333333332,1020.8,0.2,Clear,5,0,238,48
12.01.2020,19:50:45,7.944444444444443,1020.7,0.15,Clear,2,0,240,48
12.01.2020,20:06:22,7.805555555555554,1020.6,0.1,Clear,0,2,240,50
12.01.2020,20:21:59,7.655555555555556,1020.4,0.07,Clear,0,0,240,50
12.01.2020,20:37:36,7.511111111111114,1020.1,0.04,Clear,2,3,242,53
12.01.2020,20:53:13,7.383333333333332,1020,0.02,Clear,6,0,248,53
12.01.2020,21:08:50,7.311111111111109,1019.9,0.02,Clear,5,0,253,53
12.01.2020,21:24:27,7.305555555555555,1020.1,0.03,Clear,11,3,264,56